"id","first_name","last_name","address"
"1","John","Smith","123 Main St, Anytown, USA"
"2","Emily","Johnson","456 Elm St, Anotherville, USA"
"3","Michael","Williams","789 Oak St, Smalltown, USA"
"4","Sarah","Brown","101 Pine St, Countryside, USA"
"5","David","Jones","246 Maple St, Suburbia, USA"
"6","Maria","Martinez","567 Birch St, Cityville, USA"
"7","James","Anderson","876 Willow St, Townsville, USA"
"8","Linda","Davis","543 Cedar St, Villagetown, USA"
"9","Robert","Garcia","789 Oak St, Riverside, USA"
"10","Susan","Clark","112 Pine St, Hillside, USA"
"11","William","Lee","321 Redwood St, Mountainview, USA"
"12","Patricia","Wilson","654 Elm St, Lakeside, USA"
"13","Richard","Hall","890 Oak St, Riverside, USA"
"14","Jessica","Moore","456 Birch St, Cityville, USA"
"15","Thomas","Johnson","765 Willow St, Townsville, USA"
"16","Jennifer","Taylor","543 Cedar St, Villagetown, USA"
"17","Charles","Brown","987 Maple St, Suburbia, USA"
"18","Nancy","Young","234 Oak St, Anytown, USA"
"19","Daniel","White","654 Elm St, Anotherville, USA"
"20","Karen","Lewis","321 Redwood St, Smalltown, USA"
"21","Matthew","Harris","765 Willow St, Countryside, USA"
"22","Margaret","Wilson","543 Cedar St, Anytown, USA"
"23","Joseph","Martin","876 Willow St, Riverside, USA"
"24","Dorothy","Robinson","234 Oak St, Cityville, USA"
"25","Andrew","Clark","987 Maple St, Villagetown, USA"
"26","Susan","Baker","112 Pine St, Hillside, USA"
"27","Mark","Miller","567 Birch St, Mountainview, USA"
"28","Elizabeth","Lopez","456 Elm St, Lakeside, USA"
"29","Paul","Hernandez","890 Oak St, Smalltown, USA"
"30","Megan","Turner","123 Main St, Suburbia, USA"
